"id","section_id","section_name","question","option_a","option_b","option_c","option_d","correct_answer","explanation","difficulty"
"1","1","Classical vs. Modern Computer Vision","What is the primary difference in feature extraction between Classical and Modern Computer Vision?","Classical CV uses hand-crafted features, while Modern CV learns features automatically.","Classical CV uses end-to-end deep learning, while Modern CV uses hand-crafted features.","Modern CV extracts features faster than Classical CV.","Classical CV requires more training data to extract features than Modern CV.","A","Classical CV relies on hand-crafted features (e.g., edge or corner detection), whereas Modern CV uses end-to-end processing (like CNNs) where features are learned automatically by the model.","easy"
"2","1","Classical vs. Modern Computer Vision","Which of the following is considered a built-in advantage of many Classical Computer Vision techniques compared to Modern deep learning models?","They are highly generalizable to unseen data distributions.","Explainability and interpretability are much more straightforward.","They excel in outdoor applications with highly variable lighting.","They easily support the most complex recognition tasks.","B","Explainability and interpretability are built-in features of many classical CV techniques (like edge or corner detection). In contrast, features learned automatically by Modern CV may not be interpretable by humans.","medium"
"3","1","Classical vs. Modern Computer Vision","A startup is developing a quality inspection system but only has a very small dataset of 50 annotated images. Based on the course material, which approach is most appropriate and why?","Modern CV, because CNNs can generalize better even with small datasets.","Modern CV, because end-to-end processing requires fewer examples to converge.","Classical CV, because it requires a lesser amount of training data compared to Modern CV.","Classical CV, because hand-crafted features automatically adapt to any data distribution.","C","Classical CV is suitable here because it requires less training data. The course explicitly states that a con of Modern CV is that it is not suitable for small datasets, and accuracy will dramatically decrease.","hard"
"4","1","Classical vs. Modern Computer Vision","Why might an engineer choose a Classical Computer Vision approach over a Modern Computer Vision approach for deployment on an edge device?","Classical CV models inherently possess smaller sizes making them suitable for edge devices.","Modern CV models require constant internet connectivity to function.","Edge devices cannot perform end-to-end processing under any circumstances.","Classical CV models guarantee higher accuracy in uncontrolled environments.","A","A stated 'pro' of Classical Computer Vision is that it is suitable for edge devices due to its small size and generally faster inference time.","easy"
"5","1","Classical vs. Modern Computer Vision","In a document processing pipeline, how does the Modern Computer Vision approach differ from the Classical approach when performing affine transformations and feature extraction?","Modern CV uses traditional classifiers like SVMs, while Classical CV uses CNNs.","Modern CV uses CNN filters for both affine transformations and feature extraction, rather than using hand-crafted methods.","Classical CV uses fully connected layers to find corners, while Modern CV uses edge detection.","There is no difference; both paradigms use the exact same preprocessing steps before classification.","B","In the Modern CV example, CNN filters are used to perform affine transformations, rectify the document, and extract features, completely replacing the classical hand-crafted steps.","medium"
"6","1","Classical vs. Modern Computer Vision","Consider the computational time trade-offs between Classical and Modern Computer Vision. Which of the following statements accurately reflects these trade-offs?","Modern CV has higher training time but much faster inference time than Classical CV.","Classical CV has slower inference time because hand-crafted features take longer to compute.","Modern CV requires both higher training time and higher inference time compared to Classical CV.","Both paradigms require roughly the same training and inference times depending on the dataset.","C","The course notes list 'faster inference time (on average)' as a pro for Classical CV, and 'Higher training time' alongside 'Higher inference time' as cons for Modern CV.","hard"
"7","1","Classical vs. Modern Computer Vision","If the lighting conditions and background environment of an application are highly variable, which paradigm is highly recommended?","Classical Computer Vision","Modern Computer Vision","Neither, both will fail identically","Only traditional SVM classifiers","B","Modern Computer Vision is noted to be 'Best in outdoor applications (uncontrolled environment) e.g. when lighting is highly variable' because of its robust generalization.","easy"
"8","1","Classical vs. Modern Computer Vision","Which Computer Vision task specifically focuses on replacing or fixing damaged, deteriorated, or missing parts of an image?","Image restoration","Image inpainting","Pose estimation","Content-based image retrieval","B","Image inpainting is defined in the text as a 'special type of restoration' specifically for 'damaged, deteriorated, or missing parts.'","medium"
"9","1","Classical vs. Modern Computer Vision","A traditional object detection system performed with 98% accuracy in the lab but dropped to 60% in the real world due to seasonal weather changes. What is the fundamental theoretical limitation of Classical CV causing this failure?","It is not generalizable and is harder to maintain if the data distribution changes.","It requires too much training data to adapt to the new weather conditions.","The inference time increases when the weather changes, causing timeouts.","Classical classifiers like SVMs cannot process outdoor images.","A","The cons of Classical Computer Vision include being 'Not generalizable' and 'Harder to maintain if data distribution changes', making them brittle in uncontrolled environments like changing weather.","hard"
"10","1","Classical vs. Modern Computer Vision","In an end-to-end Modern Computer Vision pipeline using Convolutional Neural Networks (CNNs), which components are specifically responsible for feature extraction and classification, respectively?","SVMs extract features; CNN filters classify.","CNN Filters extract features; Fully Connected (FC) Layers classify.","Fully Connected (FC) Layers extract features; CNN Filters classify.","Edge detectors extract features; Fully Connected (FC) Layers classify.","B","According to the Modern CV example, CNN (Filters) are used to extract features, while CNN (FC Layers) are used to classify characters.","medium"
"11","1","Classical vs. Modern Computer Vision","Which term best describes the processing paradigm of Modern Computer Vision models, such as Convolutional Neural Networks?","Hand-crafted extraction","Dimensionality reduction","End-to-End processing","Fixed domain inference","C","Modern Computer Vision uses 'End-to-End processing (e.g. using CNN)', replacing the multi-step classical pipeline of preprocessing, feature extraction, and classification.","easy"
"12","1","Classical vs. Modern Computer Vision","Which of the following is a significant drawback of utilizing Modern Computer Vision techniques in critical systems where human auditing is required?","The learned features are automatic and may not be interpretable by humans.","They require a fixed domain of data to function correctly.","They have built-in explainability which exposes secure data.","They cannot perform object localization or recognition.","A","A major con of Modern CV is that 'feature learned (automatic) may not be interpretable by humans', making auditing and explainability difficult compared to Classical CV.","medium"
"13","1","Classical vs. Modern Computer Vision","You are designing a system to classify components on a highly-illuminated assembly line where the data domain is strictly fixed, but you have heavily constrained computational power. According to the course material, what is the best design choice?","Modern CV, because it generalizes well to the assembly line.","Classical CV, because it leads to better accuracy for fixed domains and is suitable for edge devices.","Modern CV, because CNN FC layers require less computational power than SVMs.","Classical CV, because it is the only paradigm that supports object classification.","B","For a fixed domain of data with constrained power (edge devices), Classical CV is preferred as it may lead to better accuracy, requires less training data, and has faster inference time.","hard"
"14","1","Classical vs. Modern Computer Vision","Finding all images in a database that are visually similar to a given query image is an example of which computer vision task?","Object localization","Pose estimation","Content-based image retrieval","Image restoration","C","The course notes define Content-based image retrieval as '(e.g. all images similar to image given image)'.","easy"
"15","2","Image Enhancement in the Spatial Domain","An 8-bit grayscale image is transformed using the equation s = 255 - r. What is the primary purpose of this transformation?","To invert the intensity values, creating a negative of the original image.","To compress the dynamic range of the image.","To flatten the histogram of the image.","To highlight the high-frequency edge details.","A","The negative transformation formula s = 255 - r directly inverts the pixel intensities, mapping black to white and vice versa.","easy"
"16","2","Image Enhancement in the Spatial Domain","Before applying the Gamma Correction formula s = c r^gamma (where c=1), what crucial preprocessing step must be performed on the input pixel intensities r?","They must be inverted using a negative transformation.","They must be normalized to a range between 0 and 1.","They must be converted to the frequency domain.","They must be smoothed using a 3x3 averaging filter.","B","The lecture slides explicitly state to 'Normalize r before Apply Eq. To be from 0 to 1' when performing Gamma Correction.","medium"
"17","2","Image Enhancement in the Spatial Domain","What is the primary objective of Histogram Equalization in spatial domain image enhancement?","To strictly isolate high-frequency components and edges.","To shift the image spectrum to the center of the frequency domain.","To produce a uniform histogram by redistributing gray-level probabilities.","To remove salt-and-pepper noise using pixel neighborhoods.","C","The stated goal of Histogram Equalization in the slides is to 'produce an uniform histogram' by finding a transformation based on cumulative probabilities.","easy"
"18","2","Image Enhancement in the Spatial Domain","Given a 3-bit image (maximum intensity N=7) with 100 pixels total. If intensity level 0 has 20 pixels and intensity level 1 has 40 pixels, what is the new equalized intensity value T(1)?","3","4","5","6","B","The probability p(0) = 20/100 = 0.2, and p(1) = 40/100 = 0.4. The formula is T(r) = round(N * sum(p(i))). For r=1: sum = 0.2 + 0.4 = 0.6. T(1) = round(7 * 0.6) = round(4.2) = 4.","hard"
"19","2","Image Enhancement in the Spatial Domain","Which of the following visual effects is typically achieved by applying a smoothing linear filter, such as a 15x15 averaging mask, to an image?","Emphasizing regions with slowly varying gray levels.","Extracting exactly one-pixel thick boundaries.","Blurring the image and reducing noise.","Highlighting fine details and edges.","C","Smoothing spatial filters (like average/low-pass filters) are explicitly used for blurring and noise reduction, where small details blend into the background.","easy"
"20","2","Image Enhancement in the Spatial Domain","An X-ray image is heavily corrupted by salt-and-pepper noise. Which spatial filter is mathematically most effective at removing this specific type of noise without excessively blurring the image?","3x3 Median filter","15x15 Averaging mask","Laplacian of Gaussian (LoG)","Histogram equalization","A","The median filter, an order-statistics filter, is particularly effective at removing isolated high/low pixels such as salt-and-pepper noise, unlike averaging masks which blur the noise into the surrounding area.","medium"
"21","2","Image Enhancement in the Spatial Domain","A 3x3 median filter is applied to a pixel neighborhood with the following intensity values: 35, 30, 10, 7, 50, 19, 15, 23, 42. What will be the new intensity value of the center pixel?","15","19","23","30","C","To find the median, sort the values: 7, 10, 15, 19, 23, 30, 35, 42, 50. The middle value (5th item) is 23.","medium"
"22","2","Image Enhancement in the Spatial Domain","How does spatial filtering fundamentally differ from pixel-based gray-level transformations like Gamma Correction?","Spatial filtering requires transforming the image into the frequency domain, while pixel-based does not.","Spatial filtering computes a new pixel value based on a neighborhood of surrounding pixels, while pixel-based only considers the individual pixel itself.","Spatial filtering can only be used for thresholding, while pixel-based is used for edge detection.","Spatial filtering is only applicable to binary images, while pixel-based works on grayscale images.","B","Pixel-based transformations (like Negative or Gamma) map individual pixels one-by-one. Spatial filtering (Local Enhancement) calculates a pixel's new value based on operations (like averaging or sorting) over a defined neighborhood of pixels.","easy"
"23","2","Image Enhancement in the Spatial Domain","In the context of sharpening spatial filters, where are the exact positions of edges located when analyzing the second derivative of a smoothed image function?","At the peak maximum of the derivative.","Between the minimum and maximum points, at the zero-crossings.","At the exact center of the smoothing window.","Where the gradient magnitude is closest to zero.","B","The slides state that for the derivative of the derivative (2nd derivative), the edge position is located 'between Min and Max points' (the zero-crossing), whereas the first derivative locates the edge at the peak.","hard"
"24","2","Image Enhancement in the Spatial Domain","While the second derivative identifies an edge at the zero-crossing, how does the first derivative of a smoothed image function indicate the presence of an edge?","By locating the peak (maximum or minimum) of the derivative function.","By finding the point where the derivative equals the original intensity.","By identifying regions with absolutely zero change in derivative.","By calculating the cumulative sum of the neighboring pixels.","A","According to the graphical representation of derivatives in the slides, the 'Derivative of Function' (1st derivative) locates the 'Edge at Peak', while the 2nd derivative locates it at the zero-cross.","medium"
"25","2","Image Enhancement in the Spatial Domain","The Laplacian is a 2nd derivative spatial filter used for image sharpening. If the center coefficient of the Laplacian filter mask is negative (e.g., -4 or -8), what is the correct formula to calculate the final sharpened image?","Sharpened Image = Original Image + Laplacian Filtered Image","Sharpened Image = Original Image / Laplacian Filtered Image","Sharpened Image = Original Image * Laplacian Filtered Image","Sharpened Image = Original Image - Laplacian Filtered Image","D","The formula for sharpening is g(x,y) = f(x,y) - Laplacian(f(x,y)) if the center coefficient of the mask is negative, and it uses a '+' if the center coefficient is positive.","hard"
"26","2","Image Enhancement in the Spatial Domain","What does the digital implementation of the Laplacian operator mathematically represent in spatial image filtering?","The integral of all pixel intensities in a given neighborhood.","The sum of the second-order partial derivatives in the x and y directions.","The median value of the first-order derivatives.","The product of the pixel neighborhood and a Gaussian kernel.","B","The Laplacian is defined as the sum of the second derivatives: gradient squared f = partial^2(f)/partial(x^2) + partial^2(f)/partial(y^2). In digital form, these are implemented using differences.","medium"
"27","2","Image Enhancement in the Spatial Domain","According to the course outline on image enhancement, which of the following techniques is categorized as a 'Pixels Neighbors Based' (Local Enhancement) operation rather than a 'Pixel Based' operation?","Gamma Correction","Histogram Equalization","Negative Transformation","Ordered statistics filters","D","Negative, Gamma, and Histogram equalization are all listed under ' Pixel Based'. Ordered statistics filters (like the median filter) are listed under ' Pixels Neighbors Based (Local Enhancement)'.","easy"
"28","2","Image Enhancement in the Spatial Domain","When visually analyzing the histogram of an image, what does a histogram heavily concentrated on the left side (lower gray levels) generally indicate about the corresponding spatial image?","The image has very high contrast.","The image is generally bright.","The image is generally dark.","The image has perfectly equalized gray levels.","C","A histogram plots pixel occurrences against gray levels. Since gray levels start at 0 (black/dark) on the left, a concentration there indicates a 'Dark Image', as shown in the contrast examples.","medium"
"29","3","Image Enhancement in the Frequency Domain","According to the Fourier transform concept, how can any spatial image function fundamentally be described?","As a matrix of strictly positive pixel intensities.","As a summation of sine and cosine waves with different amplitudes and phases.","As a cumulative distribution of histogram probabilities.","As a series of morphological structuring elements.","B","The main idea of the Fourier Transform is that 'Any function can be described by a summation of waves with different amplitudes and phases' (specifically sine and cosine base functions).","easy"
"30","3","Image Enhancement in the Frequency Domain","When preprocessing an image of size M x N for frequency domain filtering, you multiply the spatial image f(x,y) by (-1)^(x+y). What is the specific mathematical effect of this operation on the Fourier spectrum?","It shifts the origin of the spectrum to the center coordinates (M/2, N/2).","It inverts the phase angle of the entire spectrum.","It perfectly isolates and eliminates all high-frequency components.","It applies a Gaussian low-pass filter to the spatial image.","A","Multiplying the spatial image by (-1)^(x+y) mathematically results in F(u-M/2, v-N/2), which shifts the origin of the frequency spectrum to the center of the domain.","medium"
"31","3","Image Enhancement in the Frequency Domain","Given the real part R(u,v) = 3 and the imaginary part I(u,v) = 4 of a Fourier transformed image at a specific frequency, what is the value of the Power Spectrum P(u,v) at that frequency?","5","7","12","25","D","The Power Spectrum is defined as P(u,v) = R^2(u,v) + I^2(u,v). Therefore, 3^2 + 4^2 = 9 + 16 = 25.","hard"
"32","3","Image Enhancement in the Frequency Domain","Applying a spatial filter mask h(x,y) to an image f(x,y) using discrete convolution is mathematically equivalent to which operation in the frequency domain?","Convolving the Fourier transforms F(u,v) and H(u,v).","Adding the Fourier transforms F(u,v) and H(u,v).","Multiplying the Fourier transforms F(u,v) and H(u,v).","Dividing the Fourier transform F(u,v) by H(u,v).","C","The Convolution Theorem states that convolution in the spatial domain is equivalent to simple point-wise multiplication in the frequency domain: G(u,v) = F(u,v) * H(u,v).","medium"
"33","3","Image Enhancement in the Frequency Domain","In the frequency domain, what visual effect is achieved by applying a filter that restricts data to low-frequency components while cutting off high frequencies?","The image edges are strongly emphasized.","The image becomes heavily sharpened.","The image becomes blurred and smooth.","The image contrast is uniformly equalized.","C","Low-pass filters restrict data to low-frequency components, which visually blurs the image and removes edges.","easy"
"34","3","Image Enhancement in the Frequency Domain","If H_lp(u,v) represents the transfer function of a Gaussian Low-Pass Filter, what is the correct transfer function H_hp(u,v) for a Gaussian High-Pass Filter with the same cutoff frequency?","H_hp(u,v) = 1 / H_lp(u,v)","H_hp(u,v) = 1 - e^(-D^2(u,v)/2D_0^2)","H_hp(u,v) = e^(D^2(u,v)/2D_0^2)","H_hp(u,v) = 1 + H_lp(u,v)","B","Any high-pass filter can be derived from its low-pass counterpart using H_hp = 1 - H_lp. Since the Gaussian LPF is e^(-D^2/2D_0^2), the Gaussian HPF is 1 - e^(-D^2/2D_0^2).","hard"
"35","3","Image Enhancement in the Frequency Domain","According to the transfer function of a Butterworth Low-Pass Filter, H(u,v) = 1 / (1 + [D(u,v)/D_0]^(2n)), what is the exact value of the filter's multiplier at the cutoff frequency where D(u,v) = D_0?","1.0","0.5","0.0","0.707","B","When D(u,v) = D_0, the term [D(u,v)/D_0] becomes 1. The equation evaluates to 1 / (1 + 1^(2n)) = 1 / (1 + 1) = 1/2 = 0.5.","medium"
"36","3","Image Enhancement in the Frequency Domain","According to the cascade system property of convolution, if you apply filter h_1 and then filter h_2 to an image f, which of the following statements is true?","The final output depends entirely on which filter was applied first.","The operation is equivalent to convolving h_1 and h_2 together first, and then applying the combined result to f.","The cascade operation can only mathematically be performed in the frequency domain.","Convolution is not associative, so the filters must be applied completely independently.","B","The associative and cascade properties of convolution dictate that applying h_1 then h_2 to f is the same as applying a single combined filter (h_1 * h_2) to f. The order does not affect the final output.","medium"
"37","3","Image Enhancement in the Frequency Domain","Which fundamental equation correctly relates any standard High-Pass Filter transfer function H_hp(u,v) to its corresponding Low-Pass Filter transfer function H_lp(u,v)?","H_hp(u,v) = 1 - H_lp(u,v)","H_hp(u,v) = H_lp(u,v)^(-1)","H_hp(u,v) = log(H_lp(u,v))","H_hp(u,v) = 1 + H_lp(u,v)","A","The course slides establish that a high-pass filter is simply the inverse proportion of a low-pass filter, defined exactly as H_hp(u,v) = 1 - H_lp(u,v).","easy"
"38","3","Image Enhancement in the Frequency Domain","The transfer function for a Butterworth High-Pass Filter of order n is H(u,v) = 1 / (1 + [D_0 / D(u,v)]^(2n)). For a frequency strictly at the origin where D(u,v) = 0, what does this function evaluate to, and what does it physically imply?","It evaluates to 1, meaning the zero-frequency (DC) component is fully preserved.","It evaluates to 0, meaning the zero-frequency (DC) component is completely blocked.","It evaluates to 0.5, meaning it automatically attenuates half the image brightness.","It evaluates to a negative value, automatically inverting the image colors.","B","As D(u,v) approaches 0, the denominator term [D_0 / 0] approaches infinity. 1 / (1 + infinity) = 0. This blocks the DC component (the lowest frequency), which is exactly how a High-Pass filter behaves.","hard"
"39","3","Image Enhancement in the Frequency Domain","Based on the visual examples of High-Pass Filters provided in the course, why is a Butterworth High-Pass Filter generally preferred over an Ideal High-Pass Filter?","The Butterworth filter automatically calculates the optimal cutoff distance D_0.","The Butterworth filter requires significantly less computational power to multiply.","The Butterworth filter produces much smoother results without severe ringing artifacts.","The Butterworth filter converts the image back to the spatial domain simultaneously.","C","The slides explicitly state that the results of the Butterworth High-Pass Filter (BHPF) are 'much smoother than those obtained with an ILPF' (Ideal Low/High Pass Filter), avoiding the harsh ringing artifacts caused by the ideal filter's sudden hard cutoff.","medium"
"40","3","Image Enhancement in the Frequency Domain","Consider a Gaussian Low-Pass Filter transfer function H(u,v) = e^(-D^2(u,v)/2D_0^2). As the distance D(u,v) from the center of the frequency rectangle increases towards infinity, what happens to the multiplier value H(u,v)?","It increases towards 1, allowing high frequencies to pass.","It decreases towards 0, effectively attenuating high frequencies.","It oscillates endlessly between -1 and 1.","It remains exactly at a constant 0.5 regardless of distance.","B","As the distance D(u,v) grows large, the negative exponent grows large, and e^(-infinity) approaches 0. This means the filter output smoothly drops to 0, successfully blocking high frequencies far from the center.","hard"
"41","3","Image Enhancement in the Frequency Domain","The convolution theorem establishes a dual relationship between domains. It states that multiplication of two functions in the spatial domain corresponds to which specific operation in the frequency domain?","Addition","Multiplication","Convolution","Matrix inversion","C","The theorem outlines that Convolution in the Spatial Domain equals Multiplication in the Frequency Domain, AND conversely, Multiplication in the Spatial Domain equals Convolution in the Frequency Domain.","easy"
"42","3","Image Enhancement in the Frequency Domain","What is the correct mathematical sequence of fundamental steps for processing an image in the frequency domain?","Multiply by filter H(u,v) -> Apply Fourier Transform -> Apply Inverse Fourier Transform","Apply Inverse Fourier Transform -> Multiply by filter H(u,v) -> Apply Fourier Transform","Apply Fourier Transform -> Convolve with filter H(u,v) -> Apply Inverse Fourier Transform","Apply Fourier Transform -> Multiply by filter H(u,v) -> Apply Inverse Fourier Transform","D","The basic steps for frequency filtering are: Pre-process f(x,y) -> Compute Fourier Transform F(u,v) -> Multiply by Filter function H(u,v) -> Compute Inverse Fourier Transform to get g(x,y).","medium"
"43","4","Image Morphology","What is the fundamental mathematical language underlying morphological operators in image processing?","Linear Algebra","Calculus","Set Theory","Probability Theory","C","The course slides state that the language of mathematical morphology is 'Set theory', as it deals with sets of pixels in 2-D integer space.","easy"
"44","4","Image Morphology","When applying a dilation operation with a given structuring element on a binary image, under what condition is a '1' written to the output image?","Only if the structuring element perfectly matches the background.","If the structuring element 'touches' any part of the foreground.","Only if the structuring element fits entirely inside the foreground.","If the structuring element intersects exactly half of the foreground.","B","Dilation is defined as the set of all points where the structuring element 'touches' the foreground. If any part touches, a 1 is written at the origin.","medium"
"45","4","Image Morphology","A binary image contains two large circular objects that are inadvertently connected by a very thin line of foreground pixels. Which morphological sequence should be used to disconnect them, and why?","Dilation, because it expands the background to overwrite the connection.","Closing, because the erosion step will break the thin line.","Erosion, because it forces the large circles to merge.","Opening, because the erosion step breaks the narrow connection and the subsequent dilation restores the original size of the large circles.","D","Opening is erosion followed by dilation. The erosion breaks narrow connections (the thin line), while the subsequent dilation restores the main objects (the circular blobs) roughly to their original size.","hard"
"46","4","Image Morphology","How can basic morphological operators be mathematically combined to perform boundary or edge detection on a binary image?","Subtract the eroded image from the dilated image.","Subtract the input image from the dilated image, or subtract the eroded image from the input image.","Add the eroded image to the dilated image.","Calculate the intersection of the input image and the closing of the input image.","B","The slides mention two methods for edges/boundaries: Edge Detection is 'Subtract input image from dilated image', and Boundary Extraction is 'make set difference between A and the erosion' (A - (A eroded by B)).","medium"
"47","4","Image Morphology","In an erosion operation, under what specific condition is a foreground pixel written at the origin of the structuring element?","When the structuring element touches at least one foreground pixel.","When the structuring element matches the local background perfectly.","When the structuring element 'fits into' or is entirely contained within the foreground region.","When the structuring element intersects the exact center of gravity of the image.","C","Erosion is defined as the set of all points where the structuring element 'fits into' the foreground entirely without overlapping the background.","easy"
"48","4","Image Morphology","When restoring a corrupted fingerprint image containing both isolated noisy pixels in the background and small broken gaps within the ridges, what is the most appropriate sequence of morphological operations?","Opening followed by Closing.","Closing followed by Opening.","Repeated Dilations followed by a single Erosion.","Hit-and-Miss Transform followed by Boundary Extraction.","A","The slides detail Fingerprint Enhancement as a two-step process: Opening (Erosion then Dilation) to remove noise, followed by Closing (Dilation then Erosion) to fill gaps and broken ridges.","hard"
"49","4","Image Morphology","Both Opening and Closing operations possess a mathematical property called idempotence. What does this imply in practical image processing?","The operations are perfectly reversible by applying their dual.","Repeated application of the operation on an image will yield no further changes after the first application.","The operation will continuously shrink the image until it disappears.","The operation dynamically scales the structuring element with each pass.","B","Idempotence is defined in the slides as 'Repeated application has no further effects!', meaning doing an Opening twice is the same as doing it once.","medium"
"50","4","Image Morphology","The Hit-and-Miss transformation formula involves the intersection of two specific erosions: A eroded by X, and A-complement eroded by (W-X). What do these two erosions mathematically verify?","They verify that object X is smaller than object W and larger than A.","They verify that the object matches pattern X exactly, and the local background simultaneously matches the predefined window pattern (W-X).","They calculate the exact center of gravity for the structuring element.","They ensure that the resulting image is idempotent and scale-invariant.","B","The Hit-and-Miss transform is a shape detection tool. The first erosion finds where X fits in the foreground, and the second erosion finds where the local background (W-X) fits in the background (A-complement). The intersection finds the exact match.","hard"
"51","4","Image Morphology","Which formula correctly describes the process of morphological Boundary Extraction for a set A using structuring element B?","Beta(A) = (A dilated by B) - A","Beta(A) = (A eroded by B) + A","Beta(A) = A - (A eroded by B)","Beta(A) = A intersected with (A dilated by B)","C","The slides provide the formula for Boundary Extraction as Beta(A) = A - (A eroded by B).","medium"
"52","4","Image Morphology","In the morphological Region Filling algorithm defined as X_k = (X_{k-1} dilated by B) intersected with A-complement, what is the crucial role of intersecting with the complement of A?","It ensures that the filled region remains exactly one pixel thick.","It forces the algorithm to fill the foreground instead of the background.","It acts as a boundary constraint, preventing the iterative dilation from expanding outside the defined background region.","It extracts the structural corners of the region being filled.","C","Region filling uses iterative dilation to expand the fill. Intersecting with A-complement (the background) ensures the fill does not cross over the actual borders of the shape (Set A).","hard"
"53","4","Image Morphology","Unlike basic erosion or dilation which strictly use '1's, what values can a structuring element contain when used specifically for a Hit-and-Miss transform?","Only '0's and '1's","'1's, '0's, and 'don't care' values","Continuous gradient values from 0.0 to 1.0","Only positive and negative floating-point numbers","B","The slides state that a Hit-and-Miss Structuring Element 'Contains 0s, 1s and don’t care’s', usually with a '1' at the origin.","easy"
"54","4","Image Morphology","Opening and Closing are considered dual operations. What does this mean if you want to conceptually perform an 'opening' operation on the foreground pixels of an image?","You can perform an 'opening' on the background pixels and add the results.","You can perform a 'closing' operation on the background pixels using the same structuring element.","You must subtract the closed image from the dilated image.","You must perform the operation twice to achieve idempotence.","B","The slides explain duality by stating that 'opening the foreground pixels with a particular structuring element is equivalent to closing the background pixels with the same element.'","medium"
"55","4","Image Morphology","How is the morphological 'Thinning' of a set A by a structuring element B mathematically defined?","As A minus the Hit-and-Miss transform of A by B.","As the intersection of A and the Dilation of A by B.","As the union of A and the Erosion of A by B.","As the Opening of A followed immediately by the Closing of A.","A","The formula for thinning is provided as A thin B = A - (A Hit-and-Miss B). It uses a sequence of rotated structuring elements to progressively remove border pixels without breaking connectivity.","hard"
"56","4","Image Morphology","When performing 'Extraction of Connected Components', the iterative formula is X_k = (X_{k-1} dilated by B) intersected with A. How does this logic differ from the Region Filling algorithm?","It uses erosion instead of dilation in the iterative step.","It requires a Hit-and-Miss transform before the intersection.","It intersects with the original set A to bound the expansion within the foreground shape, whereas Region Filling intersects with A-complement to fill the background.","It inherently applies a thresholding step after each intersection.","C","Connected components extraction expands a point inside a foreground object and bounds it by A. Region filling expands a point in an enclosed background area and bounds it by A-complement.","medium"
"57","5","Edge Detection, SIFT, and Scale Invariance","What do local extrema (peaks) in the first-order spatial derivative of an image mathematically indicate?","The presence of smooth, slowly varying gray levels.","The exact center of gravity of a morphological shape.","The presence of edges.","The optimal variance for a Gaussian filter.","C","According to the graphical representations of gradients, local extrema (peaks) in the first derivative of a function correspond directly to the location of edges.","easy"
"58","5","Edge Detection, SIFT, and Scale Invariance","Why is applying a smoothing filter (like Gaussian) a mandatory preprocessing step before calculating image gradients for edge detection?","Because derivatives only work on floating-point numbers.","Because noise introduces spurious peaks in the derivative, leading to false edge detections.","Because it automatically normalizes the image to a range of 0 to 1.","Because smoothing shifts the image to the frequency domain for faster processing.","B","The slides show that noise in a signal causes erratic spikes in the first and second derivatives. Smoothing the signal (e.g., via a Gaussian filter) before taking the derivative is necessary to prevent noise from being incorrectly detected as edges.","medium"
"59","5","Edge Detection, SIFT, and Scale Invariance","Which specific property of the SIFT algorithm allows it to reliably detect the same object whether it is photographed up close or from far away?","Rotation Invariance","Affine Transform Invariance","Illumination Invariance","Scale Invariance","D","Scale invariance ensures that features are detected at different scales (magnifications) of the image, making the algorithm robust to changes in object size or distance from the camera.","easy"
"60","5","Edge Detection, SIFT, and Scale Invariance","In the SIFT algorithm, which computationally efficient operation is used to approximate the Normalized Laplacian of Gaussian (NLoG)?","Taylor Series Expansion","Fast Fourier Transform (FFT)","Difference of Gaussians (DoG)","K-Means Clustering","C","The slides state that the Difference of Gaussians (DoG) is used to approximate the Normalized Laplacian of Gaussian (NLoG) across multiple scales, speeding up the detection of blobs.","medium"
"61","5","Edge Detection, SIFT, and Scale Invariance","Based on the course material, what happens if the variance (sigma) chosen for the Laplacian of Gaussian filter is too small?","Important edges and corners are completely removed from the image.","The image is reduced to a single 1x1 pixel representation.","It results in only partial removal of noise, causing some noise to be falsely detected as edges or blobs.","The scale space becomes entirely scale-invariant but loses rotation invariance.","C","A smaller variance may result in partial removal of noise, meaning some noise may be incorrectly detected as edges/blobs. Conversely, a larger variance may remove important edges and corners.","hard"
"62","5","Edge Detection, SIFT, and Scale Invariance","When detecting initial keypoints in a DoG scale-space, a pixel is identified as a local extremum by comparing its value to how many immediate neighbors?","8 neighbors in the current image.","26 neighbors (8 in the current scale, 9 in the scale above, and 9 in the scale below).","9 neighbors (a standard 3x3 spatial mask).","128 neighbors across all computed octaves.","B","Each pixel in the DoG image is compared to its 26 neighbors in the 3D scale-space (8 in the same image, 9 in the scale above, and 9 in the scale below) to determine if it is a local maximum or minimum.","medium"
"63","5","Edge Detection, SIFT, and Scale Invariance","What mathematical technique is employed during the refinement step of SIFT to achieve exact sub-pixel and sub-scale accuracy for a candidate keypoint?","Applying an Inverse Fourier Transform.","Calculating the intersection over union (IoU).","Using a Taylor series expansion of the DoG function around the candidate point.","Performing a Hit-and-Miss transformation with a 3x3 structuring element.","C","The objective of refinement is sub-pixel and sub-scale accuracy, achieved by refining the initial keypoint location using a Taylor series expansion of the DoG function, which relies on the gradient and Hessian matrix.","hard"
"64","5","Edge Detection, SIFT, and Scale Invariance","After locating candidate keypoints, SIFT filters out unstable ones. Which mathematical entity is utilized to identify and eliminate keypoints that lie on edges and are difficult to precisely locate?","The 2-D Hessian matrix of the Difference of Gaussians (DoG).","The cumulative distribution function of the image histogram.","A 36-bin histogram of orientation gradients.","A Butterworth high-pass filter mask.","A","The algorithm eliminates false detections by discarding low-contrast keypoints, and it specifically uses the 2-D Hessian matrix to evaluate and eliminate keypoint candidates that lie on edges because they have strong responses along the edge but are unstable.","hard"
"65","5","Edge Detection, SIFT, and Scale Invariance","To determine the dominant orientation of a keypoint, SIFT analyzes a surrounding circular neighborhood. What is the defined radius of this neighborhood?","Exactly 16 pixels.","3 times the scale (sigma) of the keypoint.","8 times the scale (sigma) of the keypoint.","Half the width of the sliding window.","B","The slides state to define a circular neighborhood around each keypoint and 'Select Neighborhood radius = 3 * Scale of the Keypoint' (where scale is the sigma associated with that point).","medium"
"66","5","Edge Detection, SIFT, and Scale Invariance","When building the 36-bin orientation histogram for a keypoint, why are the gradient magnitudes of neighboring pixels weighted using a Gaussian distribution?","To convert the image back into the spatial domain from the frequency domain.","To perfectly align the orientation to the true North axis.","To assign higher influence to pixels physically closer to the keypoint and reduce the impact of distant pixels.","To discard pixels that fall exactly on a zero-crossing.","C","Pixels closer to the keypoint should get more weight in the histogram. Gaussian weighting of the gradient magnitude assigns higher weights to closer pixels, making farther pixels have less influence.","medium"
"67","5","Edge Detection, SIFT, and Scale Invariance","What is the exact dimensionality of the final SIFT descriptor vector for a single keypoint, and how is it calculated?","36 values (one for each 10 degrees).","6400 values (derived from an 80x80 sliding window).","128 values (16 sub-blocks multiplied by 8 histogram bins each).","256 values (16 sub-blocks multiplied by 16 histogram bins each).","C","The 16x16 neighborhood is divided into 16 4x4 sub-blocks. Each sub-block gets an 8-bin histogram. Concatenating these yields a vector of 16 x 8 = 128 values.","hard"
"68","5","Edge Detection, SIFT, and Scale Invariance","During the generation of a SIFT descriptor, what specific action guarantees that the resulting descriptor is rotation-invariant?","Rotating the entire 16x16 pixel neighborhood to align with the keypoint’s previously computed dominant angle.","Applying a Normalized Laplacian of Gaussian to the final 128-value vector.","Discarding any sub-blocks that contain gradients oriented exactly at 90 degrees.","Ensuring the scale space is constructed using at least four octaves.","A","To achieve rotation invariance, the 16x16 neighborhood around the keypoint is mathematically rotated by the keypoint's previously calculated dominant angle before dividing it into sub-blocks and calculating the descriptor histograms.","medium"
"69","5","Edge Detection, SIFT, and Scale Invariance","If multiple scales (sigma) are evaluated for a specific blob detector using Normalized Laplacian of Gaussians, which criterion dictates the mathematically 'Best Scale' for that blob?","The scale that produces the highest absolute response value.","The scale that produces a response closest to zero.","The scale that perfectly matches the image resolution.","The lowest possible scale (sigma = 1).","A","When testing multiple scales to find the best representation of a blob, the 'Best Scale' is defined as the one that generates the 'Highest Response Value (Highest Absolute value)'.","easy"
"70","5","Edge Detection, SIFT, and Scale Invariance","What does a zero-crossing point in the second derivative of a smoothed image function indicate?","The presence of salt-and-pepper noise.","The location of an orientation bin.","The exact location of an edge.","A uniform, flat region with no texture.","C","While the first derivative locates an edge at its peak, the second derivative of a function (like the Laplacian) locates the exact edge position exactly at the zero-crossing (between the minimum and maximum points).","easy"
"71","6","Object Detection: Sliding Window to YOLO","According to the course notes, what fundamentally distinguishes the task of Object Detection from Object Localization and Classification?","Detection only provides the class of an object without its coordinates.","Localization requires drawing a bounding box, while Detection only requires extracting a feature vector.","Detection involves finding and drawing bounding boxes around multiple objects, whereas Localization traditionally deals with a single object.","Detection uses pixel-based morphology, whereas Localization relies strictly on the frequency domain.","C","The slides define 'Object Localization and Classification' as dealing with a 'Single Object' (defining class and drawing a bounding box), while 'Object Detection' is explicitly defined as dealing with 'Multiple Objects' (drawing bounding boxes around multiple locations).","easy"
"72","6","Object Detection: Sliding Window to YOLO","When calculating the squared error loss for Localization and Classification using a CNN, what happens to the loss calculations for bounding box coordinates (Bx, By, Bw, Bh) and classes (C1, C2...) if the ground truth Pc (Probability of Object) is 0?","Their errors are multiplied by a large penalty factor to suppress false positives.","They are treated as 'Don't Care' values and do not contribute to the loss function.","They are automatically set to 1.0 to invert the loss gradient.","Their values are replaced by the anchor box dimensions.","B","According to the slide 'Localization and Classification Loss Calculations', if an object does not exist (Pc = 0), the loss is only calculated for Pc (Loss = (y1 - y1_hat)^2), and 'Other values are Don't Care'.","medium"
"73","6","Object Detection: Sliding Window to YOLO","What architectural modification allows a traditional Sliding Window technique to process an entire image at once in a single forward pass, dramatically speeding up computation?","Replacing Convolutional Filters with Taylor Series expansions.","Replacing the Softmax layer with a Support Vector Machine (SVM).","Replacing Fully Connected (FC) layers with 1x1 Convolutional layers.","Replacing MaxPooling layers with Generalized IoU calculations.","C","The slides demonstrate 'Implementation of FC Layers with Conv. Layers', specifically showing that converting FC layers to 1x1 Convolution filters allows 'shared Calculations to parallelize classification of 6400 images (one shot)'.","hard"
"74","6","Object Detection: Sliding Window to YOLO","If an input image of size 100x100 is scanned using a 21x21 sliding window (applied as a convolutional filter) with a stride of 1 and no padding, what are the dimensions of the resulting spatial output map?","21 x 21","80 x 80","100 x 100","6400 x 1","B","The slides state: 'Apply Filter of size 21x21 with stride 1, no padding' on a '100x100' image results in an '80 x 80' output map (representing 6400 individual sliding window positions).","medium"
"75","6","Object Detection: Sliding Window to YOLO","To further optimize the sliding window CNN, large filters can be factorized. According to the lecture, a large 21x21 convolutional filter is mathematically equivalent to a cascade of how many 5x5 filters?","Two 5x5 filters","Three 5x5 filters","Four 5x5 filters","Five 5x5 filters","D","The slide 'Factorize the 21x21 filter using 5x5 filters' explicitly states that 'Five 5x5 filters is equivalent to One 21x21 filter'.","medium"
"76","6","Object Detection: Sliding Window to YOLO","In the YOLO architecture, how does the algorithm initially assign responsibility for detecting an object to a specific grid cell?","By calculating which grid cell has the highest pixel intensity.","By assigning the object to the grid cell that contains the object's exact midpoint (center).","By assigning the object to the grid cell that contains the top-left corner of the bounding box.","By evaluating the 2D Hessian matrix across all cells.","B","The slides note that 'Each Object in training image is assigned to grid cell that contains that object's midpoint'.","easy"
"77","6","Object Detection: Sliding Window to YOLO","A YOLO model divides an image into a 13x13 grid and defines 6 anchor boxes per grid cell to detect 100 different classes. What is the total size of the final output tensor for the entire image?","13 x 13 x 105","13 x 13 x 600","13 x 13 x 630","13 x 13 x 605","C","The formula for 'Multiple Objects per Cell Total Size' is S x S x M x (5 + N). For S=13, M=6, and N=100: 13 * 13 * 6 * (5 + 100) = 169 * 6 * 105 = 169 * 630 = 106,470 total values, meaning the tensor shape is 13 x 13 x 630.","hard"
"78","6","Object Detection: Sliding Window to YOLO","What specific limitation of a basic grid-based detection system is solved by introducing 'Anchor Boxes'?","It allows the network to process smaller images without padding.","It allows a single grid cell to detect multiple objects whose centers fall into the exact same cell but have different shapes.","It replaces the need for the Non-Maxima Suppression (NMS) algorithm.","It converts the bounding box coordinates from Image-Based encoding to Cell-Based encoding.","B","Anchor boxes are introduced under the question 'What if there are multiple objects in a single grid?'. They solve the issue of overlapped objects in the same grid by providing multiple predefined box shapes per cell.","medium"
"79","6","Object Detection: Sliding Window to YOLO","When utilizing 'Cell Based Encoding' for bounding box coordinates (X, Y, W, H) in YOLO, what is the valid range for the center coordinates (X, Y), and can the Width (W) and Height (H) exceed this range?","X,Y range from 0 to 1; W,H cannot exceed 1.","X,Y range from 0 to S; W,H cannot exceed S.","X,Y range from 0 to 1; W,H may exceed 1 because the object can be larger than the cell itself.","X,Y range from -1 to 1; W,H must exactly equal the anchor box dimensions.","C","The slides for 'Cell Based Encoding' state that '(0,0) is the top left corner' of the cell, '(1,1) is the bottom right corner', 'X,Y values ranges from (0 to 1)', and importantly, 'Width and height may exceed 1'.","hard"
"80","6","Object Detection: Sliding Window to YOLO","During YOLO training, if a ground truth object's center falls into a grid cell with 4 predefined anchor boxes, how does the algorithm determine which specific anchor box is responsible for that object?","It assigns it to the anchor box with the largest absolute area.","It assigns it to the anchor box that yields the highest Intersection Over Union (IoU) with the ground truth bounding box.","It assigns it to all 4 anchor boxes simultaneously to guarantee detection.","It randomly selects an anchor box to ensure robust generalization.","B","The slide 'How to Assign Anchor Box to Object' shows the process: 'Calculate IOU 1, 2, 3, 4' and 'Select Anchor Box with HIGHEST IOU For Each Object Bounding Box'.","medium"
"81","6","Object Detection: Sliding Window to YOLO","Before training a YOLO model, K-Means clustering is often run on the training dataset. What is the primary purpose of this clustering step?","To group similar background pixels together to remove noise.","To classify the images into N distinct object categories.","To automatically determine the most optimal sizes and aspect ratios (W,H) for the Anchor Boxes.","To map Cell-Based coordinates back to Image-Based coordinates.","C","The slides detail using K-Means Clustering on the ground truth bounding boxes to find the 'Best Sizes of Anchor Boxes' and 'How to Define Number of Anchor Boxes' by finding cluster centroids.","medium"
"82","6","Object Detection: Sliding Window to YOLO","When executing the K-Means clustering algorithm to find optimal anchor box shapes, which distance metric is specifically recommended in the course material instead of standard Euclidean distance?","Squared Euclidean Distance","Taylor Series Expansion","Mean Absolute Error (MAE)","1 - IoU (Intersection Over Union)","D","The slide 'How to Define Sizes of Anchor Boxes' specifies for K-Means Clustering: 'Distance Measure == [ 1 - IOU ]', because standard distance doesn't account for box scale as effectively as IoU.","hard"
"83","6","Object Detection: Sliding Window to YOLO","According to the course notes, what is a major drawback of using a large 'Stride' in the traditional sliding window technique?","It requires significantly more fully connected layers.","It results in a severe loss of precision in object localization.","It forces the sliding window to process the image multiple times.","It makes the output coordinate values negative.","B","The slides list the cons of the Sliding Window Technique: 'If Stride is large, (loss of precision in localization)', because the window might step too far and fail to center precisely on the object.","easy"
"84","6","Object Detection: Sliding Window to YOLO","In the output vector of a YOLO grid cell [Pc, Bx, By, Bw, Bh, C1, C2...], what does the parameter 'Pc' explicitly represent?","The probability that the predicted object belongs to class 1.","The precise pixel intensity of the object's center point.","The overall probability that an object actually exists within that specific bounding box/anchor.","The Principal Component of the underlying image feature vector.","C","The slides define Pc as 'Confidence Probability that there Exist an object' or 'the Probability that there exist one of the Classes' within that cell/anchor.","easy"
"85","6","Object Detection: Sliding Window to YOLO","What happens to the consistency and accuracy of a YOLO model if training data assigns ground truth objects to incorrect anchor boxes (e.g., assigning a tall person to a wide, flat anchor box)?","The model will automatically apply a morphological Hit-and-Miss transform to correct it.","The training data becomes inconsistent, leading to less accuracy because the network struggles to adjust the wrong anchor dimensions.","The model's IoU loss will drop to absolutely zero, ensuring perfect accuracy.","The model dynamically changes the grid size to accommodate the error.","B","The slide 'What if Object is Assigned to Wrong Anchor Box?' shows that assigning a bounding box to a poorly shaped anchor means 'Training Data is NOT Consistent' leading to 'Less Accuracy'.","medium"
"86","7","Evaluation Metrics: IoU and its Variants","What is the fundamental formula for calculating Intersection Over Union (IoU) in object detection?","Area of Overlap + Area of Union","Area of Overlap / Area of Union","Area of Union / Area of Overlap","Area of Overlap * Area of Union","B","The slides define IoU as a measure of overlap between two bounding boxes, mathematically calculated as the 'Area of Overlap' divided by the 'Area of Union'.","easy"
"87","7","Evaluation Metrics: IoU and its Variants","Why is a standard Regression Loss (like Absolute or Squared Distance) often insufficient for evaluating bounding box predictions compared to IoU?","It cannot be calculated for bounding boxes that overlap perfectly.","It requires a constant gradient to function.","It yields the same error for a large and small object if the coordinate distance is the same, despite the error being visually worse for the small object.","It always produces negative values which cannot be minimized.","C","The course notes explain that with absolute/squared distance, a small pixel error on a small object looks terrible, but the same pixel error on a huge object looks fine. Regression loss treats them identically, but IoU correctly scales with the object's size.","medium"
"88","7","Evaluation Metrics: IoU and its Variants","What is the standard acceptance criterion for Intersection Over Union (IoU) to generally consider a detection as a good match, according to the course notes?","IoU > 0.1","IoU > 0.3","IoU > 0.6","IoU = 1.0 strictly","C","The slide detailing the Evaluation of Detection Results Accuracy states that the acceptance criteria is generally 'IOU > 0.6 (The higher the better)'.","easy"
"89","7","Evaluation Metrics: IoU and its Variants","According to the course notes, what is a major property of the Intersection Over Union (IoU) metric that makes it robust across different image magnifications?","Symmetry","Scale Insensitivity","Non-negativity","Vector projection","B","IoU is described as having 'Scale Insensitivity', meaning it is invariant to the scale of the shapes being compared, making it a versatile metric.","medium"
"90","7","Evaluation Metrics: IoU and its Variants","What is the critical theoretical problem with the standard IoU-based loss function (Loss = 1 - IoU) when the predicted bounding box and the ground truth do not overlap at all?","The loss evaluates to a constant 1, resulting in a zero gradient and no weight updates during training.","The IoU becomes exactly 1.0, signaling a false positive to the network.","The gradient becomes extremely large, overshooting the local minimum.","The loss becomes infinity, causing the neural network to crash.","A","If there is no overlap, IoU = 0, so Loss = 1 - 0 = 1. Because the loss is a constant 1, there is no change in loss as the box moves (until it overlaps), meaning the gradient is zero, leading to 'NO Update in Model weights'.","hard"
"91","7","Evaluation Metrics: IoU and its Variants","How does the Generalized IoU (GIoU) mathematically attempt to solve the zero-gradient problem of the standard IoU metric?","By replacing the IoU calculation entirely with a Taylor series expansion.","By penalizing the squared Euclidean distance between the centers of the two boxes.","By adding a penalty term involving the smallest convex object 'C' that encloses both the predicted and ground truth boxes.","By dynamically scaling the size of the bounding boxes until they eventually intersect.","C","GIoU introduces the bounding box 'C', which is the smallest convex object enclosing both boxes. The formula subtracts the ratio of empty space in C from the IoU, providing a gradient even when boxes don't overlap.","medium"
"92","7","Evaluation Metrics: IoU and its Variants","If two different bounding box predictions have the exact same enclosing box 'C', the exact same intersection area, and the exact same union area with the ground truth, what is a documented flaw of GIoU when evaluating them?","GIoU evaluates to zero for both, halting the gradient computation.","GIoU automatically applies an aspect ratio penalty to both.","GIoU cannot distinguish between them, yielding the same loss even if one prediction's center is visually closer to the ground truth's center.","GIoU will divide by zero and become mathematically undefined.","C","A known problem with GIoU is that if the sets A, B, and C are identical in area, the GIoU is identical. It 'does NOT take into consideration the distance between centers', failing to prioritize the box that is more accurately centered.","hard"
"93","7","Evaluation Metrics: IoU and its Variants","Which metric specifically aims to improve upon GIoU by directly incorporating the normalized squared Euclidean distance between the centers of the predicted and ground truth boxes?","Standard IoU","DIoU (Distance IoU)","NMS (Non-Max Suppression)","K-Means Loss","B","DIoU (Distance IoU) explicitly adds the penalty term 'd^2 / c^2', where 'd' is the distance between centers, specifically solving GIoU's inability to account for center alignment.","medium"
"94","7","Evaluation Metrics: IoU and its Variants","Complete IoU (CIoU) improves upon Distance IoU (DIoU) by adding a penalty term involving 'alpha' and 'v'. What specific geometric feature does 'v' measure?","The absolute area of the predicted box.","The rotation of the image plane relative to the camera.","The orientation or aspect ratio consistency between the predicted and ground truth boxes.","The cross-entropy of the classification probabilities.","C","In CIoU, the variable 'v' acts as a 'Measure of Orientation', specifically calculating the difference between the aspect ratios (width/height) of the predicted box and the ground truth box using arctangent functions.","hard"
"95","7","Evaluation Metrics: IoU and its Variants","In the CIoU mathematical formula, the orientation penalty relies on the arctangent of width over height. What is the theoretical range of this angle in radians, dictating the normalization factor used in the formula?","0 to pi/2","-pi to pi","0 to 2*pi","0 to infinity","A","Since widths and heights of bounding boxes are strictly positive, the ratio w/h is positive, meaning the angle arctan(w/h) is restricted to the first quadrant, specifically from 0 to pi/2.","hard"
"96","7","Evaluation Metrics: IoU and its Variants","What is the primary purpose of the Non-Max Suppression (NMS) algorithm in a single-shot detection pipeline like YOLO?","To calculate the aspect ratio of the bounding boxes.","To remove background noise and low-frequency components from the image.","To resolve the problem of highly overlapped bounding boxes predicting the same object.","To cluster bounding box sizes using K-Means clustering.","C","Because grid cells or sliding windows can yield multiple overlapping detections for a single real object, NMS is used to select the 'Best Predicted Box' and suppress/discard the redundant overlapping predictions.","easy"
"97","7","Evaluation Metrics: IoU and its Variants","In the greedy execution of the Non-Max Suppression (NMS) algorithm, which explicit criterion is used to select the 'best' bounding box at the start of each iteration?","The box with the largest absolute intersection area.","The box with the lowest Generalized IoU (GIoU) score.","The box located closest to the exact center of the image.","The box with the highest confidence probability (Pc).","D","The NMS algorithm summary explicitly states that it is a greedy algorithm where, 'At Each Iteration, Pick the highest Scoring Box', referring to the confidence probability Pc.","medium"
"98","7","Evaluation Metrics: IoU and its Variants","During Non-Max Suppression, after locking in the bounding box with the highest confidence, what happens to the remaining boxes that detect the same class?","Their probabilities are added to the selected box's probability.","They are discarded if their IoU with the selected box is greater than a specific threshold (e.g., > 0.5).","They are automatically assigned to the next available ground truth object.","They are averaged together to create a single, larger bounding box.","B","The algorithm calculates the IoU between the selected high-confidence box and all other boxes, and explicitly discards any boxes 'with IOU > 0.5 (Highly Overlapped with selected box)'.","medium"
"99","7","Evaluation Metrics: IoU and its Variants","You are evaluating a YOLO model and notice the network struggles to accurately match the width-height proportions of the ground truth, despite the centers being perfectly aligned. Which loss function variant is best equipped to penalize this specific error?","Standard IoU Loss","GIoU Loss","DIoU Loss","CIoU Loss","D","While DIoU handles center alignment, only CIoU (Complete IoU) incorporates the 'v' parameter which explicitly penalizes mismatches in the aspect ratio (width vs. height proportions).","hard"
"100","7","Evaluation Metrics: IoU and its Variants","According to the mathematical formulation of GIoU (IoU - |C - A U B| / |C|), what value does GIoU approach as the predicted and ground truth boxes move infinitely far apart?","0","-1","1","Infinity","B","As the boxes move infinitely far apart, IoU becomes 0. The union A U B becomes negligible compared to the vast enclosing convex area C. The term |C - A U B| / |C| approaches 1. Therefore, GIoU approaches 0 - 1 = -1.","hard"